Aging,null
Aging,null
Aging,null
Aging,null
Aging,null
Aging,null
Aging,null
Agriculture,null
Agriculture,null
Agriculture,null
Agriculture,null
Agriculture,null
Agriculture,null
Arts and Cultural Affairs,null
Arts and Cultural Affairs,null
Arts and Cultural Affairs,null
Authorities and Commissions,null
Authorities and Commissions,null
Authorities and Commissions,null
Authorities and Commissions,null
Authorities and Commissions,null
Authorities and Commissions,null
Authorities and Commissions,null
Banks,null
Banks,null
Banks,null
Banks,null
Banks,null
Business and Economic Development,null
Business and Economic Development,null
Business and Economic Development,null
Business and Economic Development,null
Business and Economic Development,null
Business and Economic Development,null
Business and Economic Development,null
Children and Families,null
Children and Families,null
Children and Families,null
Children and Families,null
Children and Families,null
Children and Families,null
Children and Families,null
Children and Families,null
Children and Families,null
Children and Families,null
Children and Families,null
Children and Families,null
Children and Families,null
Children and Families,null
Codes,null
Codes,null
Codes,null
Codes,null
Consumer Protection,null
Consumer Protection,null
Consumer Protection,null
Crime and Corrections,null
Crime and Corrections,null
Crime and Corrections,null
Crime and Corrections,null
Crime and Corrections,null
Crime and Corrections,null
Crime and Corrections,null
Crime and Corrections,null
Crime and Corrections,null
Crime and Corrections,null
Crime and Corrections,null
Crime and Corrections,null
Crime and Corrections,null
Crime and Corrections,null
Crime and Corrections,null
Crime and Corrections,null
Crime and Corrections,null
Crime and Corrections,null
Education,null
Education,null
Education,null
Education,null
Education,null
Education,null
Education,null
Education,null
Education,null
Education,null
Education,null
Education,null
Education,null
Education,null
Elections,null
Elections,null
Elections,null
Elections,null
Elections,null
Elections,null
Elections,null
Elections,null
Elections,null
Elections,null
Energy,null
Energy,null
Energy,null
Energy,null
Environment,null
Environment,null
Environment,null
Environment,null
Environment,null
Environment,null
Environment,null
Environment,null
Environment,null
Environment,null
Environment,null
Environment,null
Environment,null
Environment,null
Government Operations,null
Government Operations,null
Government Operations,null
Government Operations,null
Government Operations,null
Government Operations,null
Government Operations,null
Government Operations,null
Government Operations,null
Government Operations,null
Government Operations,null
Health,null
Health,null
Health,null
Health,null
Health,null
Health,null
Health,null
Health,null
Health,null
Health,null
Health,null
Higher Education,null
Higher Education,null
Higher Education,null
Higher Education,null
Higher Education,null
Higher Education,null
Higher Education,null
Housing,null
Housing,null
Housing,null
Housing,null
Housing,null
Housing,null
Housing,null
Housing,null
Housing,null
Human Rights,null
Human Rights,null
Human Rights,null
Human Rights,null
Human Rights,null
Human Rights,null
Human Rights,null
Individuals With Disabilities,null
Individuals With Disabilities,null
Individuals With Disabilities,null
Insurance,null
Insurance,null
Insurance,null
Insurance,null
Insurance,null
Insurance,null
Judiciary,null
Judiciary,null
Judiciary,null
Judiciary,null
Judiciary,null
Judiciary,null
Labor,null
Labor,null
Labor,null
Labor,null
Labor,null
Labor,null
Labor,null
Labor,null
Legislature,null
Legislature,null
Legislature,null
Legislature,null
Local Government,null
Local Government,null
Local Government,null
Local Government,null
Local Government,null
Local Government,null
Local Government,null
Local Government,null
Local Government,null
Local Government,null
Local Government,null
Mental Health,null
Mental Health,null
Mental Health,null
Mental Health,null
Mental Health,null
Military Affairs,null
Military Affairs,null
Military Affairs,null
Military Affairs,null
New York City,null
New York City,null
New York City,null
New York City,null
New York City,null
Professions,null
Professions,null
Professions,null
Racing and Wagering,null
Racing and Wagering,null
Racing and Wagering,null
Racing and Wagering,null
Racing and Wagering,null
Recreation and Tourism,null
Recreation and Tourism,null
Recreation and Tourism,null
Recreation and Tourism,null
Recreation and Tourism,null
Social Services,null
Social Services,null
Social Services,null
Social Services,null
Social Services,null
Social Services,null
Taxes,null
Taxes,null
Taxes,null
Taxes,null
Taxes,null
Taxes,null
Taxes,null
Telecommunications,null
Telecommunications,null
Telecommunications,null
Telecommunications,null
Transportation,null
Transportation,null
Transportation,null
Transportation,null
Transportation,null
Transportation,null
Transportation,null
Transportation,null
Elder Abuse,Aging
EPIC (Elderly Pharmaceutical Insurance Coverage) Program,Aging
Senior Centers and Services,Aging
Senior Housing,Aging
Senior Real Property Tax Exemptions,Aging
Seniors,Aging
State Office for the Aging,Aging
Animal Protection and Regulation,Agriculture
Dairy Industry,Agriculture
Farmland Preservation,Agriculture
Organic Farming,Agriculture
Sustainable Agriculture,Agriculture
Wine and Grape Industry,Agriculture
Heritage Areas,Arts and Cultural Affairs
Historic Preservation,Arts and Cultural Affairs
The Arts,Arts and Cultural Affairs
Dormitory Authority,Authorities and Commissions
ESDC (Empire State Development Corporation),Authorities and Commissions
MTA (Metropolitan Transportation Authority),Authorities and Commissions
New York Power Authority,Authorities and Commissions
NYC Housing Development Corporation,Authorities and Commissions
PANYNJ (Port Authority of New York and New Jersey),Authorities and Commissions
Thruway Authority,Authorities and Commissions
Credit Unions,Banks
Financial Services,Banks
Foreclosure,Banks
Mortgages,Banks
Predatory Lending,Banks
Assistance and Incentive Programs,Business and Economic Development
Business Regulation,Business and Economic Development
Community Revitalization,Business and Economic Development
Federal Stimulus,Business and Economic Development
MWBEs (Minority and Women Business Enterprises),Business and Economic Development
Not-for-Profit Corporations,Business and Economic Development
Small Business,Business and Economic Development
Adoption,Children and Families
Child Abuse and Neglect,Children and Families
Child Custody and Visitation,Children and Families
Child Health and Safety,Children and Families
Child Support and Paternity,Children and Families
Children in the Courtroom,Children and Families
Day Care,Children and Families
Domestic Violence,Children and Families
Foster Care,Children and Families
Juvenile Delinquency and PINS,Children and Families
Matrimonial Actions,Children and Families
Missing and Exploited Children,Children and Families
Office of Children and Family Services,Children and Families
Pregnancy and Parenthood,Children and Families
Alcoholic Beverage Control,Codes
Controlled Substances,Codes
Orders of Protection,Codes
Penal Code,Codes
Consumer Credit,Consumer Protection
Contracts and Transactions,Consumer Protection
"Food, Drug, and Product Safety",Consumer Protection
Bail and Release on Recognizance,Crime and Corrections
Capital Punishment (Death Penalty),Crime and Corrections
Correction Officers,Crime and Corrections
Crime Victims and Witnesses,Crime and Corrections
Criminal Procedure,Crime and Corrections
Criminal Sentencing,Crime and Corrections
Drug Crime,Crime and Corrections
Drunk Driving,Crime and Corrections
Forensic Use of DNA,Crime and Corrections
Insanity Defense,Crime and Corrections
Juvenile Justice,Crime and Corrections
Local Jails and Corrections,Crime and Corrections
Organized Crime and Forfeiture,Crime and Corrections
"Parole, Probation, and Correctional Alternatives",Crime and Corrections
"Police Officers, Peace Officers, and Law Enforcement",Crime and Corrections
Sex Offenses,Crime and Corrections
State Prisons,Crime and Corrections
Weapons and Ammunition,Crime and Corrections
Board of Regents,Education
BOCES,Education
Charter Schools,Education
Continuing Education,Education
Curriculum and Testing,Education
Libraries,Education
Local School District Issues,Education
Nonpublic Schools,Education
School Budgets and Elections,Education
School Health and Safety,Education
School Transportation,Education
Special Education,Education
State Aid,Education
Teachers,Education
Absentee and Military Voting,Elections
Campaign Finance,Elections
Constitutional Amendments and Other Ballot Propositions,Elections
Election Reform,Elections
HAVA (Help America Vote Act),Elections
Initiative and Referendum,Elections
Primary Elections,Elections
Special Elections,Elections
Voter Protection,Elections
Voter Registration,Elections
Alternative Energy and Renewable Resources (Green Energy),Energy
Electricity,Energy
Fossil Fuels,Energy
Public Power and Utilities,Energy
Air,Environment
Climate Change,Environment
Earth Day,Environment
Environmental Justice,Environment
Environmental Permits,Environment
"Fish, Wildlife, and Marine Resources",Environment
Going Green,Environment
Invasive Species,Environment
Lands and Forests,Environment
Mineral Resources,Environment
Site Remediation,Environment
Solid and Hazardous Waste,Environment
Water,Environment
Wetlands,Environment
Budget and Finance,Government Operations
Census,Government Operations
"Disaster Prevention, Response, and Recovery",Government Operations
Executive Branch,Government Operations
Federal Programs,Government Operations
Homeland Security,Government Operations
Investigations,Government Operations
Land Transactions and Eminent Domain,Government Operations
Lobbying and Ethics,Government Operations
Official State Designations,Government Operations
"Procurement, Contracting, and Inventory Control",Government Operations
Abortion,Health
Alcoholism and Substance Abuse,Health
End-of-Life Care and Decision-Making,Health
Health Care Financing,Health
HIV/AIDS,Health
Hospitals and Other Health Care Providers,Health
Long-Term Care,Health
Organ and Tissue Donation,Health
Prescription Drugs,Health
Public Health,Health
Smoking and Tobacco Use,Health
Campus Issues,Higher Education
Community Colleges,Higher Education
CUNY (City University of New York),Higher Education
Medical and Dental Education,Higher Education
Proprietary Schools,Higher Education
Student Financial Aid,Higher Education
SUNY (State University of New York),Higher Education
Construction,Housing
Co-ops and Condos,Housing
Fire Prevention and Building Code,Housing
Homeless,Housing
Housing Preservation and Development,Housing
Landlord and Tenant Concerns,Housing
Manufactured Housing,Housing
Municipal Housing Authorities,Housing
Rent Regulation,Housing
Civil Rights,Human Rights
Immigration,Human Rights
LGBT Rights,Human Rights
LGBT Rights,Human Rights
Native Americans,Human Rights
Privacy,Human Rights
Women\'s Issues,Human Rights
Developmentally Disabled,Individuals With Disabilities
Handicapped Accessibility,Individuals With Disabilities
Vocational and Educational Services for Disabled,Individuals With Disabilities
Auto,Insurance
Health,Insurance
Insurance Fraud,Insurance
Life Insurance and Annuities,Insurance
Medical Malpractice,Insurance
Property/Casualty,Insurance
Civil Procedure,Judiciary
Court Administration,Judiciary
"Estates, Trusts, and Guardianships",Judiciary
Judges,Judiciary
Juries,Judiciary
Lawyers and Legal Services,Judiciary
Child Labor/Employment of Minors,Labor
Civil Service and Pensions,Labor
Employee Protections,Labor
Minimum Wage,Labor
Public Works,Labor
Unemployment,Labor
Unions,Labor
Workers\' Compensation and Disability Benefits,Labor
Ethics,Legislature
Picture Bills and Special Legislation,Legislature
Rules,Legislature
Session,Legislature
Administration and Public Officials,Local Government
Emergency Medical Services,Local Government
Firefighters,Local Government
Intermunicipal Agreements and Consolidation,Local Government
Local Finance,Local Government
Local Laws and Ordinances,Local Government
Mandate Relief,Local Government
Planning and Zoning,Local Government
Police,Local Government
Public Lands,Local Government
Special Districts and Authorities,Local Government
Community Services,Mental Health
Involuntary and Emergency Admissions,Mental Health
Office of Mental Health,Mental Health
Patient Rights and Safety,Mental Health
Psychiatric Centers and Developmental Centers,Mental Health
Coast Guard,Military Affairs
National Guard,Military Affairs
Reserves,Military Affairs
Veterans,Military Affairs
Finance,New York City
Housing,New York City
Schools,New York City
Transportation,New York City
World Trade Center,New York City
Good Samaritan Laws,Professions
Nursing,Professions
"Professional Licensing, Oversight, and Discipline",Professions
Charitable Gaming,Racing and Wagering
Indian Gaming,Racing and Wagering
Lotteries and VLTs,Racing and Wagering
New York State Board,Racing and Wagering
Racing,Racing and Wagering
Boating and Recreational Vehicle Use,Recreation and Tourism
"Boxing, Sparring, and Wrestling",Recreation and Tourism
Hunting and Fishing,Recreation and Tourism
State Parks,Recreation and Tourism
Tourism,Recreation and Tourism
Children and Family Assistance,Social Services
Medicaid,Social Services
Medicare,Social Services
Social Security,Social Services
SSI (Supplemental Security Income),Social Services
Temporary and Disability Assistance,Social Services
EITC (Earned Income Tax Credit),Taxes
Income Tax,Taxes
Payroll Tax,Taxes
Property Tax,Taxes
"Property Transfer, Estate, and Gift Taxes",Taxes
Sales Tax,Taxes
STAR (School Tax Relief Program),Taxes
Internet and Broadband Access,Telecommunications
Landlines,Telecommunications
Television Providers,Telecommunications
Wireless and Mobile Communications,Telecommunications
Aviation,Transportation
Alternative Transportation,Transportation
DMV (Department of Motor Vehicles),Transportation
"Infrastructure (Roads, Highways, Bridges)",Transportation
New York State Thruway,Transportation
Ports and Waterways,Transportation
Public Transportation/Mass Transit,Transportation
Trucking and Freight Rail,Transportation
Marriage Equality,LGBT Rights
GENDA,LGBT Rights
